{
  "file": "backpack_scan_00002.npy",
  "pred_class_id": 0,
  "pred_class_name": "backpack",
  "confidence": 0.17718586325645447,
  "pred_center": [
    -1.382431946694851e-10,
    -6.984919309616089e-10,
    -1.2465761756175198e-10
  ],
  "pred_size": [
    1.0209832191467285,
    1.0491974353790283,
    0.10412416607141495
  ],
  "pred_yaw": 0.0049171790480613715,
  "gt_center": [
    -1.382431946694851e-10,
    -6.984919309616089e-10,
    -1.2465761756175198e-10
  ],
  "gt_size": [
    1.0177603960037231,
    1.0469906330108643,
    0.1052670031785965
  ],
  "gt_yaw": 0.0
}
