{
  "file": "hospitalbed2_scan_00002.npy",
  "pred_class_id": 10,
  "pred_class_name": "hospitalbed2",
  "confidence": 0.3368370831012726,
  "pred_center": [
    -2.371962182223797e-09,
    8.421920938417315e-10,
    -6.796199158998206e-10
  ],
  "pred_size": [
    1.156886339187622,
    1.048383355140686,
    0.17224647104740143
  ],
  "pred_yaw": -0.01723190248012543,
  "gt_center": [
    -2.371962182223797e-09,
    8.421920938417315e-10,
    -6.796199158998206e-10
  ],
  "gt_size": [
    1.1270489692687988,
    1.037436842918396,
    0.17494741082191467
  ],
  "gt_yaw": 0.0
}
