{
  "file": "human2_scan_00025.npy",
  "pred_class_id": 12,
  "pred_class_name": "human2",
  "confidence": 0.30267709493637085,
  "pred_center": [
    1.3585577107733116e-09,
    3.011791704921052e-09,
    7.275957614183426e-10
  ],
  "pred_size": [
    1.3315389156341553,
    1.3994920253753662,
    0.48806706070899963
  ],
  "pred_yaw": 0.0009978701360523702,
  "gt_center": [
    1.3585577107733116e-09,
    3.011791704921052e-09,
    7.275957614183426e-10
  ],
  "gt_size": [
    1.3300564289093018,
    1.4103232622146606,
    0.4893096685409546
  ],
  "gt_yaw": 0.0
}
