{
  "file": "ivpolewithbag_scan_00011.npy",
  "pred_class_id": 13,
  "pred_class_name": "ivpolewithbag",
  "confidence": 0.18620721995830536,
  "pred_center": [
    2.5320332497358322e-09,
    2.55931809078902e-09,
    2.5158897187793627e-10
  ],
  "pred_size": [
    1.274168610572815,
    1.2367843389511108,
    0.12377207726240158
  ],
  "pred_yaw": -0.019166046380996705,
  "gt_center": [
    2.5320332497358322e-09,
    2.55931809078902e-09,
    2.5158897187793627e-10
  ],
  "gt_size": [
    1.2664599418640137,
    1.2081553936004639,
    0.12441489100456238
  ],
  "gt_yaw": 0.0
}
