{
  "file": "trashbin_scan_00013.npy",
  "pred_class_id": 27,
  "pred_class_name": "trashbin",
  "confidence": 0.15256603062152863,
  "pred_center": [
    -2.306478563696146e-09,
    2.3283064365386963e-10,
    1.4551915228366852e-10
  ],
  "pred_size": [
    1.0881695747375488,
    0.981358528137207,
    0.16958913207054138
  ],
  "pred_yaw": -0.010127437114715577,
  "gt_center": [
    -2.306478563696146e-09,
    2.3283064365386963e-10,
    1.4551915228366852e-10
  ],
  "gt_size": [
    1.0906425714492798,
    0.9899468421936035,
    0.17175346612930298
  ],
  "gt_yaw": 0.0
}
