{
  "file": "wheelchair_scan_00025.npy",
  "pred_class_id": 32,
  "pred_class_name": "wheelchair",
  "confidence": 0.23200978338718414,
  "pred_center": [
    -1.4551915228366852e-10,
    1.2150849215686321e-09,
    -5.147740012034774e-10
  ],
  "pred_size": [
    0.9903833866119385,
    0.9842293858528137,
    0.19268499314785004
  ],
  "pred_yaw": -0.00041937222704291344,
  "gt_center": [
    -1.4551915228366852e-10,
    1.2150849215686321e-09,
    -5.147740012034774e-10
  ],
  "gt_size": [
    1.0137479305267334,
    0.9965447783470154,
    0.19080770015716553
  ],
  "gt_yaw": 0.0
}
