{
  "file": "workingcart_scan_00013.npy",
  "pred_class_id": 35,
  "pred_class_name": "workingcart",
  "confidence": 0.18885868787765503,
  "pred_center": [
    1.0077201295644045e-09,
    1.902662916108966e-09,
    -2.0554580260068178e-10
  ],
  "pred_size": [
    1.1809879541397095,
    1.2014154195785522,
    0.20018041133880615
  ],
  "pred_yaw": 0.0045586124062538145,
  "gt_center": [
    1.0077201295644045e-09,
    1.902662916108966e-09,
    -2.0554580260068178e-10
  ],
  "gt_size": [
    1.1583963632583618,
    1.2062053680419922,
    0.1984412670135498
  ],
  "gt_yaw": 0.0
}
